{
  "project_info": {
    "project_number": "560110617872",
    "project_id": "cvproject-6d1a6",
    "storage_bucket": "cvproject-6d1a6.appspot.com"
  },
  "client": [
    {
      "client_info": {
        "mobilesdk_app_id": "1:560110617872:android:7c2e4c6f9a4bcc5c309195",
        "android_client_info": {
          "package_name": "com.bitshift.free.ocr"
        }
      },
      "oauth_client": [
        {
          "client_id": "560110617872-kpvu2ophltnj6f9ia8u64i9hivhmlre0.apps.googleusercontent.com",
          "client_type": 3
        }
      ],
      "api_key": [
        {
          "current_key": "AIzaSyBice1jZIYOWj322ZHnps1kYfqFJdHOUz8"
        }
      ],
      "services": {
        "appinvite_service": {
          "other_platform_oauth_client": [
            {
              "client_id": "560110617872-kpvu2ophltnj6f9ia8u64i9hivhmlre0.apps.googleusercontent.com",
              "client_type": 3
            }
          ]
        }
      }
    }
  ],
  "configuration_version": "1"
}